"Existing_variation"	"Location"	"Allele"	"PL_AF"	"AFR_AF"	"AMR_AF"	"EAS_AF"	"EUR_AF"	"SAS_AF"	"ClinVar"	"ClinVar_CLNSIG"	"ClinVar_CLNREVSTAT"	"ClinVar_CLNDN"
"rs1260326,CM083701"	"chr2:27508073"	"C"	0.585366	0.9062	0.6383	0.5188	0.5895	0.7996	"8751"	"association"	"no_assertion_criteria_provided"	"Fasting_plasma_glucose_level_quantitative_trait_locus_5"
"rs4953148"	"chr2:44925383"	"T"	0.3579	0.2398	0.402	0.3899	0.3062	0.4796	"-"	"-"	"-"	"-"
"rs1920650"	"chr3:160617800"	"C"	0.33404	0.7057	0.304	0.1458	0.2853	0.183	"-"	"-"	"-"	"-"
"rs11940694"	"chr4:39413373"	"G"	0.604454	0.5703	0.4352	0.4593	0.6123	0.3701	"-"	"-"	"-"	"-"
"rs4975012"	"chr4:39421892"	"A"	0.230117	0.5113	0.1816	0.128	0.2217	0.1748	"-"	"-"	"-"	"-"
"rs279871"	"chr4:46303716"	"C"	0.432131	0.239	0.4712	0.5327	0.4284	0.2311	"16218"	"risk_factor"	"no_assertion_criteria_provided"	"_susceptibility_to"
"rs279845"	"chr4:46327706"	"A"	0.472428	0.2632	0.4841	0.5665	0.4443	0.3333	"16219"	"risk_factor"	"no_assertion_criteria_provided"	"_susceptibility_to"
"rs279836"	"chr4:46337053"	"A"	0.445917	0.2247	0.4755	0.5794	0.4205	0.2771	"16220"	"risk_factor"	"no_assertion_criteria_provided"	"_susceptibility_to"
"rs146788033"	"chr4:99019987"	"G"	0.0169671	0	0.0447	0.001	0.0249	0.0031	"-"	"-"	"-"	"-"
"rs11733695"	"chr4:99201759"	"A"	0.0233298	0	0.0159	0.001	0.007	0.0204	"-"	"-"	"-"	"-"
"rs1229984,CM890003"	"chr4:99318162"	"C"	0.933722	0.9985	0.9424	0.3026	0.9712	0.9796	"-"	"-"	"-"	"-"
"rs3114045"	"chr4:99331403"	"C"	0.867444	0.9402	0.6023	0.8403	0.8718	0.9264	"-"	"-"	"-"	"-"
"rs698,CM033593"	"chr4:99339632"	"C"	0.426829	0.0991	0.2709	0.0764	0.4046	0.2761	"18180"	"protective"	"no_assertion_criteria_provided"	"Alcohol_dependence"
"rs141973904"	"chr4:99341085"	"T"	0.0148462	8e-04	0.0331	0.001	0.0159	0.001	"-"	"-"	"-"	"-"
"rs1693482,CM860053"	"chr4:99342808"	"T"	0.426752	0.0998	0.2709	0.0764	0.4046	0.2751	"18179"	"protective"	"no_assertion_criteria_provided"	"Alcohol_dependence"
"rs188514326"	"chr4:100261610"	"C"	0.00530223	0	0.013	0	0.004	0.001	"-"	"-"	"-"	"-"
"rs13107325,CM1111819"	"chr4:102267552"	"T"	0.0790032	0.0023	0.0504	0	0.0795	0	"-"	"-"	"-"	"-"
"rs13135092"	"chr4:102276925"	"G"	0.0922588	0.0023	0.0519	0	0.0855	0	"-"	"-"	"-"	"-"
"rs35040843"	"chr8:92329269"	"T"	0.253446	0.0514	0.1628	0.2212	0.326	0.3344	"-"	"-"	"-"	"-"
"rs7078436"	"chr10:30089934"	"G"	0.30859	0.8018	0.4035	0.5565	0.3171	0.226	"-"	"-"	"-"	"-"
"rs2293576"	"chr11:47413435"	"A"	0.340933	0.0136	0.2147	0.3988	0.3111	0.4836	"384707"	"Benign"	"criteria_provided,_multiple_submitters,_no_conflicts"	"not_specified"
"rs62062288"	"chr17:46019187"	"A"	0.108696	0.0212	0.147	0.001	0.2366	0.0624	"-"	"-"	"-"	"-"
"rs492602"	"chr19:48703160"	"G"	0.375398	0.4909	0.3415	0.004	0.4414	0.2832	"-"	"-"	"-"	"-"
